{"cameraMode":{"drawMode":0,"name":"Shaded","section":"Shading Mode"},"sceneLighting":true,"audioPlay":false,"sceneViewState":{"showFog":false,"showMaterialUpdate":false,"showSkybox":false,"showFlares":false,"showImageEffects":false,"showParticleSystems":false},"in2DMode":false,"pivot":{"x":14.68203067779541,"y":0.7880725860595703,"z":12.279241561889649},"rotation":{"x":0.07466165721416474,"y":0.9251987934112549,"z":-0.27137207984924319,"w":0.25454920530319216},"size":3.8489019870758058,"orthographic":false}